abanks19;Andrew-Banks-UT;Banks, Andrew James
avo5;andyv0110;Vo, Andy
bbutle11;BradenButler;Butler, Braden H
bmarti68;braymar;Martin, Braden Gray
bmingled;mingledorff;Mingledorff, Brandon Matthew
broachel;s4mpl;Roachell, Brandan
cchildr3;ObsidianSkin;Childress, Blake
cketron2;awillif;Ketron III, Charles Ross
cketron2;rossketron;Ketron III, Charles Ross
csmit402;kerble;Smith, Colby Allen
dstewa23;derecksdev;Stewart III, Dereck
echavez2;beanh0le;Chavez, Emanuel
gcantral;GCantral;Cantrall, Gregory Richard
gchannin;georgiachanning;Channing, Georgia Wexler
gchannin;georgiachanning;Channing, Georgia Wexler
gstrick2;gstrick2;Stricklen, Georgia Lee
hhaynie;hackmasterheather;Haynie, Heather Elizabeth
hhaynie;hackmasterheather;Haynie, Heather Elizabeth
hjohns66;HollyBeth3;Johnson, Holland Elizabeth
jbyers3;Legoman6157;Byers, Joshua Alan
jcarmac3;Pokemonpower92;McDonald-Carmack, John Alan
jgray51;JGray17;Gray, Josh
jherna18;JovanHernandez;Hernandez, Jovan Yari
jlemon3;joeylemon;Lemon, Joey Christopher
jleona19;jacobleonard545;Leonard II, Jacob Huan
jsullenb;lyra3;Sullenberger, Dylan
jting;jonting;Ting, Jonathan
ltillma4;logantillman;Tillman, Logan Del
mscarfo;mscarfo;Scarfo, Matthew Warren
mstanto4;mstanto4;Stanton, Megan
nmize1;nmize1;Mize, Nicholas Ian
oqueen;owencqueen;Queen, Owen
plin5;peilin314;Lin, Pei
psherri1;psherrill24;Sherrill, Parker Conrad
rforsten;ryanforsten;Forsten, Ryan H
rpatel77;patelria007;Patel, Ria
rswan;BuddySwan;Swan, Richard Henry
sbauman2;sam-baumann;Baumann, Samuel Kontrim
shall57;SHANNON-HALL;Hall, Shannon Mario
spatel91;spatel912020;Patel, Shreyank Sunil
troger28;trogers19;Rogers, Taylor Nicole
whannon1;rathD25;Hannon, William James
wrhodes2;Retroville;Rhodes, Austin
amaryans;amaryans;Maryanski, Austin Connor
amcdan23;adam-mcdaniel;Mcdaniel, Adam Ryan
asuther8;asuther8;Sutherland, Anthony Gerard
cbrook53;CBrooks36;Brooks, Chandler Lane
eswanger;Comwiz180;Swanger, Emory Thomas
gander23;Gr-Anderson;Anderson, Grant Tyler
heigen;henry-eigen;Eigen, Henry
jjack113;jjack113;Jackson, Jaidin Rose
jmoor147;jmoor147;Moore, Jacob William
kvyas1;kedarvyas;Vyas, Kedar Mayank
cromane1;cromane1;Romanelli, Christopher Marcello
hchannin;uncrewedimp;Channing, Harry Moses
kmcgee11;Kincaid-dev;McGee, Kincaid Andrew
awillif4;awillif;Williford, Camille
abrock14;ShrimpyJ;Brock, Alexander
rbray2;rjbray915;Bray, Rob
saba;samababa;Aba, Sam
shwang6;shwang6;Hwang, Sehee
